freq_mean,freq_std,time_taken,bandwidth,traffic_mean,traffic_std,traffic_src,traffic_dst,size_mean,size_std,size_max,size_min,size_total,ip_src_count,ip_dst_count,ip_dst_mean,ip_dst_std,udp,attack
0.0016015429721563529,0.0019964904218956205,558.2546384334564,1214596.8404359682,5946571.530232558,47482111.9054638,8.0.69.0,2.32.0.0,7335.67551796749,297.63627569789145,24064,3276,2557025758,31,263,1325.3764258555134,8617.921328801176,99.94147584157166,1
0.001577111821767354,0.0015657605764272705,549.9877827167511,1180755.9556908337,2499470.913339825,30447379.257040545,8.0.69.0,2.32.0.0,7360.829026300999,635.2062511125163,24064,3276,2566956628,32,864,403.625,4732.188585469632,99.76457566268652,1
0.0015885410439203061,0.0019467738493054933,553.6160850524902,1193420.6715423686,4121819.708064516,39339502.10012106,8.0.69.0,2.32.0.0,7332.788778991527,233.141948641633,65535,0,2555528219,34,455,765.9494505494506,6537.053809258194,99.97159311003796,1
0.0012699737722725378,0.0017180395126472623,442.6760277748108,1500719.5292218213,3766387.905743741,37645512.77324223,8.0.69.0,2.32.0.0,7336.726380776425,316.2956368570514,24064,3276,2557377388,31,513,679.4775828460039,6169.878408764001,99.9334427320611,1
0.0015864136873543248,0.001805463493975277,552.900071144104,1086375.063683884,224995.29510649532,8447325.718272014,8.0.69.0,2.32.0.0,7334.943584784935,284.85095234850996,65535,1,2556396543,37,10801,32.267660401814645,1235.4671541905786,99.95409198245167,1
0.004718743213477609,0.02117303415792419,984.0419909954071,2324.0471655956744,17219.140127101964,33828.04241984704,8.0.69.0,5.119.0.0,7340.882578881749,414.39815378857463,65535,0,1530867653,78,86950,2.398389879240943,5.086352399437187,56.053035388894216,1
0.0014504552512260148,0.0007846585531443577,505.9245934486389,1182812.3751029915,161446.0226731805,6900501.035784553,8.0.69.0,2.32.0.0,7389.9376385086225,884.1785081701764,24064,3276,2577647198,33,15156,23.014317761942465,1011.1711635152831,99.51978899385043,1
0.0015971720233862363,0.0016124947891476792,557.2708878517151,1216662.0485303598,3037161.147928994,33932549.618682116,8.0.69.0,2.32.0.0,7355.439681065713,586.321342620775,24064,3276,2566401170,32,682,511.6011730205279,5384.538319508071,99.81227358187738,1
0.003008951390983129,0.0019629423770732637,1427.9008915424347,654910.1170388961,477479.076440932,14548897.815057432,8.0.69.112,1.102.0.0,7384.267566041235,859.7566432520621,24064,1,3504218942,18,7232,65.6183628318584,2007.0649864625818,99.58508235135454,1
0.0014984557901217019,0.0008549235437428818,522.5235216617584,1179424.5702855275,206704.12484858272,8089020.560340157,8.0.69.0,2.32.0.0,7340.267036411449,379.282028638361,24064,3276,2559617178,34,11665,29.893613373339047,1188.459489672186,99.91081388779757,1
0.0019122889424477503,0.0014621091887711682,666.7922067642212,952779.2220052823,140152.94839487236,6451287.148191141,8.0.69.0,2.32.0.0,7337.0594426552025,326.31502958912256,24064,3276,2558351920,32,16836,20.710917082442386,960.017501710014,99.92314067836955,1
0.0012685645270406106,0.0017048654758028152,442.9941499233246,1486172.9892233405,2224889.3922413792,28760498.49495746,8.0.69.0,2.32.0.0,7390.600770310129,929.1606721099322,65535,0,2580871695,35,989,353.09403437815973,4443.168512786566,99.54210933249334,1
0.001591370696442586,0.0020278678523800923,555.5729720592499,1142247.9348623208,3725065.3144927537,36972119.87473004,8.0.69.0,2.32.0.0,7362.274157374175,722.7838468837818,65535,0,2570295067,35,536,651.3376865671642,5976.153117649735,99.696949733184,1
0.003341138338933244,0.0016357274846020523,1579.7904407978058,510806.3760611665,175478.3998989644,7660349.6395749925,8.0.69.112,1.102.0.0,7346.377301826657,527.1053563123087,65535,3276,3473594926,18,19680,24.025965447154473,1049.9296505113807,99.80648476939965,1
0.0051707732950262665,0.0069847624203717915,1078.6957001686096,2147.2969620977865,17260.27325351779,33708.67835722655,8.0.69.0,5.123.0.0,7332.275608177743,190.9840869444692,24064,3276,1529622676,76,86582,2.4094500011549744,5.10899833532077,56.07842197349184,1
0.003159394950576946,0.002240633618681629,1499.8974776268005,626660.097786943,679030.8474279033,17494961.19114721,8.0.69.112,1.102.0.0,7340.363752598774,443.3042881689092,65535,0,3484786309,21,5015,94.66460618145564,2417.418995163847,99.88836064986741,1
0.002029787278649178,0.0009467297920441466,958.4330763816833,946855.865436139,303043.30145003495,11316721.765411086,8.0.69.112,1.102.0.0,7347.204411406547,522.1610849402564,65535,0,3469239715,19,11355,41.58388375165126,1551.7162519981441,99.7306140601671,1
0.0030218568836880527,0.0018633893542794675,1437.7783522605896,697395.4075907981,1325670.475883023,25998397.342698395,8.0.69.112,1.102.0.0,7336.137830657805,317.6742656594805,65535,0,3490490363,13,2587,183.9172787011983,3584.102557402371,99.93547627754869,1
0.0018698459055311882,0.0027570491293550966,389.55247688293457,5569.673224416479,17334.668102910662,33169.205762960446,8.0.69.0,5.123.0.0,7338.163937888497,366.0671745365097,24064,1,1528796384,74,86640,2.4046052631578947,4.784233641235921,56.12259101927185,1
0.0042224252828301796,0.0023055817878653005,1992.309145450592,432296.1985928197,284795.34010194015,10429180.769646546,8.0.69.112,1.102.0.0,7341.987061319385,465.0330670464475,53606,3276,3464250517,17,12077,39.06938809306947,1429.9153716843114,99.8613939865336,1
0.0014546468465386638,0.0007841320063331868,507.02734088897705,1196503.7604014324,218226.77228483607,8307447.799544936,8.0.69.0,2.32.0.0,7332.702038111304,218.86167520524344,65535,3276,2555871957,34,11103,31.393136990002702,1216.4352701832156,99.97274485164593,1
0.002404667320664201,0.0017829985415791533,1137.0325145721436,800088.201824486,492834.4865862314,14455074.224388802,8.0.69.112,1.102.0.0,7342.826841776904,457.6676882319965,65535,1,3472018958,22,6963,67.90822921154675,1984.649294053623,99.82869650731212,1
0.005329185201270199,0.008541301477666718,1110.868655204773,1966.3350745974085,17280.056168732135,33574.00863238752,8.0.69.0,5.128.0.0,7337.999299595588,351.51386829843807,24064,0,1529613292,76,86592,2.4072778085735402,5.178000214773048,56.187785138953515,1
0.0015738406635462823,0.0018659159500300116,549.1901257038116,1235258.0067433133,3630706.036775106,37122788.191617034,8.0.69.0,2.32.0.0,7356.094477718871,600.5320086946685,24064,3276,2566909168,32,540,646.2037037037037,6048.107728500031,99.79882504656827,1
0.0011967952461705209,0.0005634510440940708,566.860871553421,1627762.8361812995,479321.53716728726,14445904.314584143,8.0.69.112,1.102.0.0,7337.824271086245,392.1864080754845,65535,0,3475560466,22,7153,66.21697189990213,1987.7663067956287,99.8811358598121,1
0.004205599125349102,0.007821899193394112,875.8538682460785,2728.286174936008,17247.699510058475,33150.58634174022,8.0.69.0,5.122.0.0,7336.193786612887,319.4168936519387,24064,1,1527835718,74,86721,2.401494447711627,5.057404773825809,56.14760395659272,1
0.0015423985408172887,0.0008562068645356647,537.6076385974884,1108387.6924712725,212916.1126291236,8168481.025064604,8.0.69.0,2.32.0.0,7332.708894461117,199.86789039424724,24064,0,2555845016,35,11334,30.752955708487736,1198.5630987564743,99.97704803272951,1
0.0012651387907862352,0.001517004536420506,440.918580532074,1501780.3949222139,3860812.419939577,38106382.21849397,8.0.69.0,2.32.0.0,7333.566193707588,230.45665744386827,24064,0,2555857822,32,498,699.8293172690763,6256.3073325036485,99.97245455719266,1
0.0015117669112780002,0.0008410640074409488,526.9626393318176,1190270.5299854232,160778.83906672537,7016413.538495667,8.0.69.0,2.32.0.0,7334.273312773435,246.31210672831574,24064,3276,2556544320,33,14797,23.557139960802864,1038.8160044730892,99.96155777092449,1
0.002746846411230337,0.0013388147944685064,1302.3870105743408,714158.7120020719,585557.4667564383,16092645.148841573,8.0.69.112,1.102.0.0,7337.066921162525,366.88448218565594,65535,3276,3478796910,18,5851,81.03572038967698,2214.6945939589723,99.93145484456068,1
0.0015222776342788179,0.0011530276127292086,530.7162184715271,1242070.3891403035,3112381.3795620436,34158963.339488566,8.0.69.0,2.32.0.0,7338.290281498649,351.8452797741005,24064,0,2558377494,33,659,529.0349013657057,5437.1940827480885,99.92771789326342,1
0.0031548788443883113,0.002317342592821974,1498.5895352363586,651565.5401570629,781871.1875280394,19500290.102338783,8.0.69.112,1.102.0.0,7337.943264113446,346.1910796407972,24064,1,3485581754,15,4376,108.54844606946983,2687.429746444939,99.92421180274859,1
0.0012719256347301327,0.0017674070224224794,443.47595143318176,1345437.8485952688,167261.20910160846,7050841.540440182,8.0.69.0,2.32.0.0,7336.800640154188,309.84721442184224,24064,3276,2558092932,35,14294,24.392472366027704,1041.9171607290118,99.94005724676339,1
0.0015884625290062285,0.0017527566674757499,553.0152871608734,1189919.0407164525,2504048.6412512218,30579665.623487987,8.0.69.0,2.32.0.0,7357.952583111683,598.7265310166301,24064,3276,2561641760,32,859,405.29220023282886,4757.777265401198,99.75498784992503,1
0.0024069732133320315,0.0017828536857221215,1141.340965270996,821793.687022613,786852.1588235294,18790179.60909352,8.0.69.112,1.102.0.0,7334.497180407523,271.5305209076711,24064,0,3477886542,15,4352,108.95726102941177,2584.3206224296728,99.9348351476859,1
0.0015151579636084004,0.001124967479114045,527.9901258945465,1295157.478260453,2393132.470588235,30212085.458021607,8.0.69.0,2.32.0.0,7355.074499315586,572.0257249021905,24064,3276,2563044876,31,909,383.35863586358636,4673.6137695320795,99.79883663870659,1
0.002297505297566463,0.0017137020881564664,1084.9164640903473,815537.1121055441,452982.2155735563,13487085.475758895,8.0.69.112,1.102.0.0,7342.245663001677,434.84080814346225,24064,1,3467125878,20,7556,62.495500264690314,1854.324128457152,99.82465651312111,1
0.0016088170405422876,0.002034774277019853,560.6888267993927,1157789.1853233967,4142407.175040519,39249378.264216565,8.0.69.0,2.32.0.0,7333.671611512979,252.83910713173503,65535,3276,2555865227,33,451,772.7516629711752,6535.819252716707,99.9687240861838,1
0.001609538389541941,0.002062150859306882,561.0287487506866,1191005.1694996713,4164321.8224755703,39641403.804541185,8.0.69.0,2.32.0.0,7335.464729778579,307.2811636880994,65535,0,2556893599,33,452,771.1637168141593,6581.0393828142805,99.94376961608418,1
0.0015896265929414156,0.001961615706090268,554.1438302993774,1171014.1023304812,3744750.644216691,37324103.05626861,8.0.69.0,2.32.0.0,7336.940198106145,323.0031761799137,24064,0,2557664690,35,521,669.0998080614204,6084.484909965418,99.9400460698621,1
0.006129610517959993,0.00955630773215929,1278.2138109207153,2030.035959422872,17436.987165147046,35760.02991760241,8.0.69.0,5.124.0.0,7400.927900753841,966.3775270253084,24064,0,1543330297,75,86612,2.4076571375790885,5.4157823356590304,56.06930317983245,1
0.004863016863922674,0.020992080980955716,1012.9469606876373,2228.784020900171,17244.612456825518,34545.99528348874,8.0.69.0,5.119.0.0,7334.571290032982,261.0633920355868,24064,3276,1527769196,75,86593,2.4054715739147507,5.264773026097226,56.19139978012166,1
0.0043871631841160994,0.006253852899961037,914.9911408424377,2515.456048985223,17216.498475318156,33530.48840555459,8.0.69.0,5.123.0.0,7336.175506563995,324.05575710743375,49664,3276,1530047436,76,86781,2.4033140894896348,5.140942286779041,56.176580585149736,1
0.0015807360269549174,0.0018930599694891724,551.0651285648346,1190538.6241887957,7204895.329577465,51698053.13398077,8.0.69.0,2.32.0.0,7336.876436402439,366.5903021418322,65535,0,2557737842,34,179,1947.5642458100558,10306.509772333859,99.92656634558567,1
0.005051846093203325,0.008726997680121898,1052.2793338298798,2131.5442847636677,17230.04176998332,32896.195734942834,8.0.69.0,5.122.0.0,7339.127428623552,366.0827834156778,24064,1,1528718226,74,86805,2.3995967974195036,5.002742391627807,56.23556748296903,1
0.0016237763201063361,0.002335469621138997,565.9688601493835,1191695.6346714557,3827271.504491018,38110846.972368434,8.0.69.0,2.32.0.0,7334.966848562051,317.041455250934,65535,0,2556617365,36,510,683.435294117647,6210.791197011216,99.95438270329822,1
0.002742519731605762,0.0013574670437560199,1299.7184960842133,709579.2456432382,446273.1351212627,13924521.097944602,8.0.69.112,1.102.0.0,7338.46057204351,367.38828205403354,24064,3276,3477806542,14,7703,61.5234324289238,1913.8605682326795,99.87170695166854,1
0.007150163010518386,0.011273125390827822,1490.6945850849152,1642.3350728550079,17254.84328080407,35546.77233083097,8.0.69.0,5.118.0.0,7336.8568578075165,347.0050877599321,24191,0,1529624602,75,86663,2.405697933374104,5.400536306273326,56.174305105882915,1
0.004828300489569394,0.00590959244193688,1006.5558030605316,2636.177737917654,17242.613333783876,33112.442098071006,8.0.69.0,5.123.0.0,7343.149392481449,438.23449441592066,24064,3276,1530833697,74,86823,2.4011033942618893,5.015561027021301,55.92432520590393,1
0.0015945842802472245,0.0016218373612608356,555.862512588501,1096844.5005597102,194488.56510495892,7793283.35479004,8.0.69.0,2.32.0.0,7335.548857556763,278.71726400862036,24064,3276,2557135654,33,12347,28.23317405037661,1147.5269264596889,99.94635608657612,1
0.004837853324663591,0.006799529161052576,1007.8506317138672,2254.5999660047987,17248.780983340104,34084.98592188461,8.0.69.0,5.119.0.0,7335.4533977832925,340.60817574825296,65535,0,1528173000,77,86677,2.4034865073779663,5.229757950612103,56.13578652791045,1
0.005958945149958339,0.007517469030244635,1242.523488998413,1970.361141400625,17239.11515192483,34195.35617239354,8.0.69.0,5.120.0.0,7338.374217682182,403.0173625983871,65535,0,1530161100,77,86791,2.4024956504706707,5.210680033058046,56.12039363885744,1
0.0015061081643755704,0.0010963254067716465,525.0353305339813,1282272.7745107939,6076096.247030878,47877136.016367614,8.0.69.0,2.32.0.0,7337.922634500365,347.0470097472672,24064,3276,2558036520,32,257,1356.4396887159533,8698.82192509393,99.9282855954447,1
0.0013015602766895066,0.0017951064992252816,617.7231104373932,1544143.134493709,708003.4955339017,18117091.39093191,8.0.69.112,1.102.0.0,7348.510689987211,512.550958894499,24064,3276,3487625219,18,4827,98.32256059664388,2500.715258309788,99.82322067075008,1
0.001608241022042856,0.002078009716779543,560.5877895355225,1207868.0496430856,3364758.0736842104,35764053.78763811,8.0.69.0,2.32.0.0,7336.2427267745925,302.0879399140214,24064,3276,2557216136,31,603,578.0646766169154,5721.169610221157,99.94291009343812,1
0.004156651349732171,0.00525904930121628,867.4100036621094,2906.9528704469867,17282.428054268024,33517.42527472269,8.0.69.0,5.123.0.0,7343.506011567895,463.2298298964461,24064,3276,1532450178,75,86879,2.4019728588036235,5.015686786310932,55.9974314863356,1
0.0015761533383232041,0.0018159950986822715,549.2736768722534,1245238.9196853412,3509922.467032967,36629162.010725945,8.0.69.0,2.32.0.0,7332.25120878301,194.09277432485277,24064,0,2555223556,33,564,617.8918439716313,5930.254566851577,99.97388741746559,1
0.005480171821586816,0.008611874292581185,1143.5090928077698,1897.3876234534982,17258.83259157437,32402.792622439443,8.0.69.0,5.123.0.0,7340.859798527777,413.9583082294413,65535,3276,1531773169,74,86810,2.4036862112659834,4.999814787967408,56.08298508607139,1
0.006321418865268685,0.010289290719710196,1319.760545015335,1832.832485511145,17207.787212551764,33279.82707025712,8.0.69.0,5.121.0.0,7344.034371602236,457.63403861242705,65535,0,1533265464,75,87085,2.39739335132342,5.03015013533406,56.0643362806426,1
0.0015737492831884822,0.001813930837265705,548.6861138343811,1207991.0595296496,5409669.310782241,45027781.93079946,8.0.69.0,2.32.0.0,7339.089585544242,373.6779638588536,24064,3276,2558773584,30,307,1135.6677524429967,7942.051243523812,99.91051197475979,1
0.00494294234149599,0.008722667032420422,1032.2840785980225,2087.623014516315,17253.348058646006,32590.08581545026,8.0.69.0,5.123.0.0,7336.5207071408395,340.8542267219943,65535,0,1532166321,75,86815,2.405586592178771,5.064268054276301,56.01534181506504,1
0.0016180251652884255,0.0018788755255868801,766.5523662567139,1144874.477768026,372995.1678089527,12123039.096047565,8.0.69.112,1.102.0.0,7351.9001792050385,591.366671646779,65535,0,3483028877,21,9253,51.20058359450989,1664.8336634496675,99.75683839251602,1
0.0010410424365608878,0.0006510543527193107,681.3591516017914,3371757.987838201,85918.1093858816,9357576.525021773,8.0.69.0,0.40.48.48,8293.846812366119,3750.6398893251694,65535,0,5428306151,34,57079,11.466528845985389,1346.2194945152683,45.591430378702455,1
0.005340203926733279,0.008965395416235979,1113.6514670848846,2198.3718177182554,17247.059650862702,34061.34190970416,8.0.69.0,5.123.0.0,7338.489819796492,349.7877402167099,24064,0,1530383344,74,86793,2.402751373958729,5.249020413854188,56.04530502248948,1
0.008672667096905815,0.01018343935293684,1806.915498971939,1241.3308764445064,17216.464465546956,34124.688177421616,8.0.69.0,5.122.0.0,7335.633342452735,301.5325696010386,24064,3276,1528357200,74,86803,2.400228102715344,5.199642807906211,56.189433973131365,1
0.001594282356218476,0.002042453701332801,555.725378036499,1177481.6408636696,4917929.332692307,42795082.776871175,8.0.69.0,2.32.0.0,7336.507933730187,306.49047499465985,24064,3276,2557323253,30,357,976.4005602240896,7348.590892522046,99.93889406870832,1
0.010966285864451033,0.01993051646115322,2282.47887468338,1258.8769306347185,17289.234747364964,34880.11479804053,8.0.69.0,5.123.0.0,7337.19048511317,339.04330390009056,24064,3276,1527140816,75,86332,2.41089051568364,5.317722810348688,56.05154297409879,1
0.0012696211098949832,0.001711020474593938,442.7460823059082,1494588.2221105532,4867767.296577947,42706101.690523155,8.0.69.0,2.32.0.0,7342.326877415951,432.2919419940169,24064,3276,2560445598,29,363,960.67217630854,7311.261058424358,99.88242851079937,1
0.005375311735416989,0.008191606439816127,1119.8548197746277,2238.5580306780384,17268.078586438303,34338.296021157126,8.0.69.0,5.123.0.0,7336.616721226492,374.2834139705831,65535,0,1528466708,76,86691,2.4031791074044597,5.207531753020373,56.29661985081648,1
0.0014539746456720816,0.000805741803894296,506.88754892349243,1146394.464085974,179412.7317107386,7315867.389250122,8.0.69.0,2.32.0.0,7337.1157840991555,313.1412001117867,24064,3276,2557887316,33,13482,25.858403797656134,1073.3549257673826,99.93517352555627,1
0.0024043856188231075,0.0017783880608820608,1141.227207660675,842146.3084200857,948305.734132389,21128192.655148596,8.0.69.112,1.102.0.0,7334.387489597489,265.4755271131978,24064,3276,3481230350,13,3615,131.298755186722,2913.907773157674,99.92015084958233,1
0.004332967290026429,0.00510316700386437,904.9662163257599,2640.518460127604,17263.69937378925,32993.60161730445,8.0.69.0,5.121.0.0,7339.03742752218,360.9488379067442,24064,3276,1532809340,74,87154,2.3964132455194256,4.754562256696215,55.86549648802769,1
0.0015191610417099545,0.0011477429274721121,529.4792745113373,1228636.3816608097,3737345.576023392,37311808.13312843,8.0.69.0,2.32.0.0,7334.541363134262,259.71276396321656,23106,0,2556344374,32,522,667.6915708812261,6082.829392659072,99.95696271536575,1
0.0015797189656471622,0.001826931317796734,550.7658579349518,1201965.6092738155,4755833.342007435,42230298.02575857,8.0.69.0,2.32.0.0,7338.7227211321415,360.4152698202377,24064,3276,2558638338,33,369,944.8482384823848,7251.053924237415,99.91424039650192,1
0.0047190659802346475,0.011793662838835999,983.623236656189,2325.036573733743,17244.136139757677,34329.92720867079,8.0.69.0,5.122.0.0,7340.28017578453,407.3212082841624,65535,0,1529985979,75,86797,2.401430925031971,5.205554942025448,56.186761467493774,1
0.005460680315098377,0.008183017169664282,1139.185284614563,2084.7530529711335,17253.13083659232,34327.95619406906,8.0.69.0,5.121.0.0,7338.103059673948,358.3645553324842,24064,3276,1530853046,74,86759,2.404557452252792,5.260304722363546,56.12054626420666,1
0.0015049554252113421,0.0009285623817926199,524.5702729225159,1156210.2378027586,259500.48147020003,9174671.254741114,8.0.69.0,2.32.0.0,7332.448487074073,189.43231383872745,24064,3276,2555820242,36,9342,37.31138942410619,1344.6545043027916,99.97532727225781,1
0.0009501515527258717,0.0021770082021835137,15.95874547958374,588749.0349426309,38456.705147358414,129867.20016979755,8.0.69.0,0.60.0.0,16857.57694826457,8199.4743614817,65535,0,283156720,15,7356,2.283442088091354,9.284386895646325,9.102815979043877,1
0.0032041249458740393,0.017038253868760286,3921.4067645072937,1637161.3014256223,140965.36066363324,22912519.803901106,8.0.69.0,0.40.48.48,9087.639703953791,4871.8371503293065,65535,0,11122025991,34,78792,15.532833282566758,3127.9935718524202,13.84002948042387,1
0.0012695591190915304,0.0014661799147603972,442.436274766922,1439869.0530870277,851104.7581612258,17571591.49461978,8.0.69.0,2.32.0.0,7331.530785056973,152.59878827846148,23106,3276,2555016484,35,2815,123.8,2588.4910246834515,99.98393099510182,1
0.0015765721626986627,0.0020056480684901056,549.634046792984,1237501.013572004,3979022.435458787,38913961.022088915,8.0.69.0,2.32.0.0,7338.821795213796,361.2167030316251,24064,3276,2558511426,32,477,730.874213836478,6434.956331341675,99.92542172579863,1
0.006080454661020104,0.010659614129754049,1268.516612291336,1721.9640474825171,17228.806697724664,32959.42230583101,8.0.69.0,5.122.0.0,7338.860700881494,365.3079388918582,24064,0,1531055136,76,86867,2.401636985276342,4.938262157475182,56.07264744228851,1
0.005069735326475551,0.012465493223287497,1057.673532485962,2051.370232268526,17146.0086741155,31233.98952094652,8.0.69.0,5.121.0.0,7333.484321225543,237.12715397280132,24064,3276,1529955500,75,87169,2.393350847204855,4.751243910073507,55.99973157708051,1
0.004790123845575209,0.007958019550357324,997.4426982402802,2160.5451659548507,17270.489262139436,35482.538041201406,8.0.69.0,5.120.0.0,7337.822244633338,342.45919637131465,24064,3276,1527954726,75,86457,2.4084805163260348,5.399837191378098,56.19315180329444,1
0.001733850271113624,0.0008771982929788153,822.7882430553436,1174972.671473835,870868.024012006,20375536.02440922,8.0.69.112,1.102.0.0,7336.986713588806,330.19309723185444,24064,3276,3481730360,13,3937,120.53467106934214,2811.6323939481954,99.92224130482884,1
0.0012706222062476224,0.00169341959290377,442.9300067424774,1529779.4000982028,6677396.245430809,50267197.91011557,8.0.69.0,2.32.0.0,7336.450891294744,316.34612364556625,24064,3276,2557442762,33,219,1591.7534246575342,9422.258787608294,99.92799646580262,1
0.004644804294654851,0.005892597263900555,967.3408768177032,2682.4256703968454,17235.794404222208,34880.36928340876,8.0.69.0,5.123.0.0,7338.603085506857,438.11255827191184,65535,0,1528366833,77,86680,2.4026765113059527,5.294086629663193,56.105231821150085,1
0.0016028637314750723,0.001992278457695244,558.9506404399872,1178975.2839021098,2368938.506001847,29760891.033843003,8.0.69.0,2.32.0.0,7357.057366777452,598.3105367468554,24064,3276,2565560402,33,920,379.0445652173913,4604.8625579230675,99.81360457213646,1
0.0057201356254052696,0.006394477664861437,1192.9171242713928,1917.1155761527225,17175.98830789946,32825.85992906721,8.0.69.0,5.123.0.0,7339.912528530602,459.0670182211006,65535,0,1530724078,76,87111,2.3940489720012397,4.956860511379439,56.07869651111494,1
0.0030259167645515827,0.0018547082621606485,1438.2757306098938,674454.9597514616,830481.0698937427,19887354.969399307,8.0.69.112,1.102.0.0,7399.40951569469,967.1663799066301,65535,3276,3517087331,14,4181,113.68572111934944,2738.5482413991895,99.47172431204241,1
0.0015328544002763767,0.0011405454086421266,534.1767656803131,1234216.0167905218,3583675.172510519,36673300.559455484,8.0.69.0,2.32.0.0,7332.175174899422,230.18973510621046,65535,0,2555160398,35,555,627.9027027027028,5921.189972736557,99.97446095395512,1
0.0012715368390933553,0.001680144757175675,443.19925141334534,1531793.9681419726,3776440.2023633677,37914380.91822815,8.0.69.0,2.32.0.0,7334.997394959189,293.49775511796287,65535,1,2556650017,35,513,679.4444444444445,6202.886289227704,99.95036651317582,1
0.0015909255836405532,0.0019434793891740722,554.587112903595,1162187.5355622277,222179.59525671098,8541555.254710145,8.0.69.0,2.32.0.0,7336.620780561971,315.11333104813747,65535,3276,2557509321,35,10828,32.19384927964536,1257.1961725607068,99.9552489278389,1
0.00702315783292134,0.01135363961871674,1464.5812418460846,1431.3852588727284,17250.486534644533,33658.626752975724,8.0.69.0,5.123.0.0,7335.077909435736,285.0610198899712,24064,3276,1529635142,75,86754,2.4037738893883858,5.201847341516709,56.07542066875423,1
0.0030920607231433163,0.0020428989320541912,1469.7306711673737,679321.2658527282,1307093.3601949026,25752250.923347626,8.0.69.112,1.102.0.0,7336.7171619418295,360.54616726109253,65535,0,3487325085,13,2607,182.3264288454162,3556.140946856885,99.94487981907116,1
0.0015777436847681733,0.001754236344425947,549.894161939621,1231783.653804955,4109500.38585209,39511418.58157095,8.0.69.0,2.32.0.0,7333.9088120780525,242.98098052099442,23106,1,2556109240,33,460,757.6804347826087,6542.166908671893,99.96298772282682,1
0.005853571215475706,0.009534247861929052,1223.893937587738,1928.484101042292,17273.515258625543,33795.52481077432,8.0.69.0,5.120.0.0,7339.050572491702,440.2952856951679,65535,1,1534492728,77,87179,2.3983528143245505,4.863681599596941,55.86218111207828,1
0.0015926175240633255,0.001980695241006768,556.5800092220306,1196890.022929756,1194972.7127071824,21051033.003520686,8.0.69.0,2.32.0.0,7426.778182192768,1122.328714703062,24064,0,2595480732,35,2010,173.86865671641792,3119.416117655233,99.27863429820646,1
0.001478885267729896,0.0008458849539348048,516.9221620559692,1188177.6504941157,108411.74057018461,5328304.109485043,8.0.69.0,2.32.0.0,7408.768330014648,1015.7164757832179,24064,3276,2589631247,30,22004,15.885111797854936,794.3170647899925,99.4218049070768,1
0.0015792463504529287,0.0018592606575180085,550.7084703445435,1220432.2181198848,5639684.665198238,46108378.42804085,8.0.69.0,2.32.0.0,7342.391790477665,464.3117976672078,65535,3276,2560416838,32,284,1227.8767605633802,8281.815234589725,99.886727633009,1
0.0030451395059782373,0.0018566327775576613,1444.1147787570953,646196.7661622859,662355.0759878419,17137487.50543922,8.0.69.112,1.102.0.0,7352.098465535165,626.0978796548607,65535,1,3486637120,18,5149,92.102738395805,2366.351963015402,99.78850237328592,1
0.001616153316170813,0.001620253962172257,563.2698345184326,1096513.7703993064,275049.23947906576,9538468.366652744,8.0.69.0,2.32.0.0,7332.257805730419,189.8437365787566,24064,3276,2555482484,33,8978,38.820004455335265,1384.2520713230892,99.979054647286,1
0.009737045912761354,0.016944558822625317,2024.2636859416962,1252.8901336389672,17287.307551020407,34813.962115234935,8.0.69.0,5.124.0.0,7334.2209298969665,260.1411944968512,24064,3276,1524740526,74,86397,2.406264106392583,5.293326716634551,56.28974381175021,1
0.004821270784718518,0.006989719982409514,1005.5386986732483,2347.2592383706665,17266.920861767525,34084.88518825638,8.0.69.0,5.121.0.0,7339.708046450969,408.16071260460745,65535,3276,1530798869,75,86683,2.406054243623317,5.220157622128211,56.10028576360254,1
0.0015654767383237354,0.0018199741456695632,545.7173635959625,1232749.3770164824,3936425.926153846,38585726.505599484,8.0.69.0,2.32.0.0,7339.948972449483,383.99308906923176,24064,3276,2558676852,30,487,715.8028747433265,6348.763200395331,99.90217902672434,1
0.0015805267791018857,0.0017756874588639529,551.0064067840576,1054603.1277413685,179412.7317107386,7315867.389250122,8.0.69.0,2.32.0.0,7337.1157840991555,313.1412001117867,24064,3276,2557887316,33,13482,25.858403797656134,1073.3549257673826,99.93517352555627,1
0.0051512320618839445,0.008791600962762902,1072.6410522460938,2227.753632024671,17235.25093379374,33750.73092042581,8.0.69.0,5.121.0.0,7334.816775600175,278.06394355608825,24064,3276,1527336232,76,86711,2.401436957248792,5.124427020807228,56.23226128674405,1
0.004773703987646623,0.007809547128689479,994.0283813476562,2374.4392456884098,17231.44754495744,33148.47468002881,8.0.69.0,5.120.0.0,7339.652789450178,390.4629648433139,24064,3276,1528343240,75,86593,2.40470938759484,5.139577073792219,56.205848312691195,1
0.0018355962547656902,0.0008942245955871551,870.7389461994171,1095132.317397931,788825.5465880752,19133844.407039452,8.0.69.112,1.102.0.0,7335.104447217748,322.29695463397434,65535,3276,3479509486,12,4343,109.22495970527285,2633.834683681907,99.93528176674452,1
0.001598462990156352,0.0017808046615360163,557.4128170013428,1209119.739344595,4169717.0993485344,39739219.06284012,8.0.69.0,2.32.0.0,7341.745930104182,397.99785031250923,24064,3276,2560206299,31,447,780.1319910514542,6629.276400937591,99.90852233460178,1
0.001432109674442671,0.0007677944856137465,499.18474078178406,1176771.1470507274,157248.9721385079,6818517.46878157,8.0.69.0,2.32.0.0,7334.919937917244,278.89572343331247,49664,3276,2556711038,32,15231,22.885365373251922,1005.3999794912193,99.95008133300054,1
0.0015150462206468143,0.0008330369374698794,528.0860257148743,1121695.957014065,209229.0918317237,8066679.722608169,8.0.69.0,2.32.0.0,7334.021046470929,240.96248076915055,24064,0,2556361044,35,11420,30.522066549912434,1189.6518051362889,99.96442526724083,1
0.0019070929069969914,0.0009324165359004353,903.5806193351746,1010597.970407855,411593.0814393939,13270907.853877397,8.0.69.112,1.102.0.0,7338.815983925741,372.44126377938835,24064,3276,3477138352,14,8377,56.559746926107195,1821.08924348863,99.8991137629511,1
0.001521196134508502,0.0011431368081651987,530.0836110115051,1280597.9205896757,4265183.686143572,40279549.33970453,8.0.69.0,2.32.0.0,7331.690977025019,162.16973165448522,23106,0,2554845028,33,438,795.5844748858448,6705.432152550126,99.98450350966809,1
0.0054153771452006075,0.00814089233421958,1127.979736328125,1806.5395453232054,17220.779662162924,32103.78858812968,8.0.69.0,5.122.0.0,7336.728589054841,327.42950232264184,24064,0,1528189208,74,86721,2.4018749783789395,4.961887300798674,56.131507059766776,1
0.004715575454811491,0.0209952330487252,982.0044417381287,2403.512550128985,17206.53124225422,33749.40888139935,8.0.69.0,5.123.0.0,7333.646901770965,244.9270520451798,24064,3276,1527217300,74,86769,2.400027659648031,5.12756633505045,56.15660174407437,1
0.004199778836838263,0.0019166240508082671,1989.6620230674744,448539.5758944609,414294.19785714283,12999773.302158317,8.0.69.112,1.102.0.0,7345.719331722093,502.32035265467556,65535,0,3480071262,19,8327,56.89383931788159,1785.2487341126696,99.84464543909827,1
0.006866121794873586,0.008832122085359469,1432.012093782425,1668.6870246244337,17205.390416657297,33582.232790565664,8.0.69.0,5.120.0.0,7337.594184970489,349.03874962027504,24064,3276,1530350656,73,86924,2.399371865077539,5.111110489517634,56.09767791986114,1
0.0018841034547580375,0.0013877836029822564,656.7080273628235,902002.0089882844,200893.53171421835,7886326.6353694275,8.0.69.0,2.32.0.0,7333.083932716115,215.21930158913992,24064,3276,2555968404,34,12144,28.701663372859024,1151.1240948866414,99.96987545653029,1
0.0030233146872138093,0.0017919484312968114,1434.7986376285553,642576.1607383694,515086.4908074717,14917590.396268345,8.0.69.112,1.102.0.0,7379.325783483888,834.9158920675842,65535,3276,3502073051,19,6664,71.21533613445378,2057.5958860113783,99.59943444610909,1
0.0014480056959966492,0.0007814257976401329,504.8500819206238,1274201.6353701241,198033.25824431027,7985793.528560066,8.0.69.0,2.32.0.0,7337.363022833591,322.3393475730625,24064,3276,2558193630,35,12167,28.655625873263745,1174.6438616794642,99.9305900135665,1
0.0014315605521821842,0.0007832975365389848,499.2266798019409,1073570.3072051965,124740.43259576957,5695819.571696521,8.0.69.0,2.32.0.0,7339.271631348034,366.21175938203623,24064,3276,2559424196,29,18914,18.437665221529027,847.6867105089506,99.90995899406417,1
0.0015051370625467325,0.0008236595783260486,525.7353451251984,1128691.1285348139,171411.08429093324,7141897.276557595,8.0.69.0,2.32.0.0,7388.006911063714,873.9219313293834,24064,3276,2580593874,34,14226,24.553282721777027,1048.091137489293,99.57199501853734,1
0.0014968448508359486,0.0008280790938531233,521.8569951057434,1222563.2807139473,189442.14014814814,7752846.4069712,8.0.69.0,2.32.0.0,7335.578899664122,278.8553891685412,24064,3276,2557468892,33,12745,27.35496273048254,1139.2922514531356,99.94980481242776,1
0.0015770534825383154,0.0017728368052535746,549.6819913387299,1229778.800563683,4656821.53734062,42005644.66873068,8.0.69.0,2.32.0.0,7334.923795943779,272.9302192853815,24064,3276,2556595024,33,391,891.4347826086956,7086.853014008835,99.95409567036101,1
0.0012753798758004568,0.00177988135237658,444.50559735298157,1390654.1642694427,260272.23401221997,9242220.226847535,8.0.69.0,2.32.0.0,7333.316131512729,219.69648298422226,24064,3276,2555873338,34,9340,37.31573875802998,1351.6567852395804,99.9698733821289,1
0.005550842084218895,0.009729063154365294,1156.545702457428,2078.811062019833,17246.68138797703,34045.11831515378,8.0.69.0,5.121.0.0,7337.761163585402,409.045432219138,65535,0,1528866565,78,86650,2.4045701096364684,5.1636009012134085,56.20428497379485,1
0.0015767051580109458,0.001857181851995942,549.5101282596588,1201884.4167471288,4597300.2949640285,41505882.07664751,8.0.69.0,2.32.0.0,7334.173930259182,254.8232799948119,24064,3276,2556098964,31,394,884.5659898477157,7019.926502714497,99.96528166326657,1
0.0015345023075790838,0.0008444311866442789,534.9229009151459,1123761.8897444734,165423.07317073172,7030059.13888461,8.0.69.0,2.32.0.0,7334.937211343726,272.8760619855465,24064,3276,2556944442,32,14524,24.001514734232995,1036.152926560002,99.94807772850103,1
0.004981749091650839,0.00781189298853838,1040.4681882858276,2352.998417023633,17236.67264407618,33719.895193346005,8.0.69.0,5.123.0.0,7340.587507241797,397.927707944914,24064,3276,1533133085,73,86944,2.4022014170040484,5.093174475299171,56.01152941965076,1
0.0015914248969222536,0.0019582361129760607,554.6529536247253,1196449.4476468563,3908112.6804281347,38355439.01424383,8.0.69.0,2.32.0.0,7333.451046834248,252.5534227633169,65535,1,2555905693,33,489,712.7341513292433,6315.621001682331,99.96585630381577,1
0.003021561446310867,0.0018017349649154457,1435.9487323760986,677385.6044222867,834895.3258319368,20028751.692618273,8.0.69.112,1.102.0.0,7338.175378496954,359.47770771862395,24064,3276,3487357776,13,4109,115.65709418349964,2759.908248915207,99.88658242764106,1
0.003887112295441265,0.005740687805349264,809.7321364879608,3095.9126938853715,17244.128788733666,33577.40959458089,8.0.69.0,5.122.0.0,7335.7889570022035,325.2886998486931,65535,0,1528140205,74,86592,2.405684127864006,5.117834663328901,56.25285027818715,1
0.0015225441625243506,0.0011428570325986577,531.2750375270844,1205829.92753041,4278362.068333333,39671164.354563266,8.0.69.0,2.32.0.0,7356.615008310884,714.2129728477763,65535,0,2567017241,36,434,804.0092165898618,6644.548571830698,99.78620966355247,1
0.0015759429821451244,0.0017649854068514871,549.402090549469,1190393.3407787287,6119722.411483253,47690988.623715684,8.0.69.0,2.32.0.0,7337.649319170785,344.2436911577505,24064,3276,2558043968,31,248,1405.7217741935483,8786.609434477103,99.91480670875656,1
0.0015986414951234143,0.0019967243280262716,557.308806180954,1205662.7000109353,3258734.7796178344,35132247.418584645,8.0.69.0,2.32.0.0,7337.913750125496,331.4392570960075,24064,3276,2558106802,33,624,558.6778846153846,5615.769707195487,99.93345094158312,1
0.0018190116540321884,0.0008946715163455249,860.2651815414429,1102859.0257483232,647026.3143762819,17277205.668555886,8.0.69.112,1.102.0.0,7337.2270458058365,368.78324247772485,65535,0,3470002124,21,5283,89.51940185500662,2378.676644079439,99.86890265176103,1
0.004978889454419515,0.010593439465353821,1038.193050146103,2273.430745532197,17253.848672187,33624.2219176666,8.0.69.0,5.126.0.0,7334.623316708229,273.469723507037,24064,3276,1529415654,72,86677,2.4057131649687924,5.172181795663358,56.11787838097065,1
0.0015248267935787784,0.0008109892031549003,531.4951519966125,1135712.146634683,211380.55279040927,8135963.515815415,8.0.69.0,2.32.0.0,7334.843689214545,296.4810081539263,65535,0,2556647786,36,11505,30.296566710126033,1189.3687603048445,99.95840051411227,1
0.001796202772127827,0.0009041478073807271,852.987957239151,1143599.263883285,955249.4128767123,21501896.417082638,8.0.69.112,1.102.0.0,7342.115158406772,428.11080148175574,65535,0,3486660357,19,3580,132.64944134078212,2965.073837863087,99.85070069595797,1
0.004387166065360979,0.007910327544870721,913.9607577323914,2438.0915494978553,17218.91018895136,32190.390940524852,8.0.69.0,5.122.0.0,7335.726698891646,302.34282480779945,24064,3276,1528229936,73,86824,2.3994172118308303,4.97998575442156,56.19482832278101,1
0.00159491374893713,0.00198614719884334,555.8210618495941,1173573.1960738695,3629853.6917613638,36808213.81634624,8.0.69.0,2.32.0.0,7332.680048895686,221.76592638150214,65535,0,2555416999,34,539,646.5621521335808,5991.37909526728,99.97474870658858,1
0.0015728091702003305,0.0017812903104070061,548.2922863960266,1210329.3014789512,5442279.834042553,45176997.602307804,8.0.69.0,2.32.0.0,7337.386181613732,332.15871173854373,24064,3276,2557871522,31,304,1146.7368421052631,7980.04455883619,99.92685193684598,1
0.0015921481549899651,0.0018004779588572874,555.2123124599457,1207469.2598759045,3738092.0613138685,37570678.556746244,8.0.69.0,2.32.0.0,7342.833969947235,436.0102178227698,24064,3276,2560593062,33,521,669.3282149712093,6136.499111797278,99.89131681578344,1
0.006219678905900326,0.010205851449484863,1298.4761455059052,1648.362973326772,17168.778923304497,31065.197098236502,8.0.69.0,5.122.0.0,7338.569507113091,363.38404996997826,24064,3276,1532073156,72,87210,2.393876848985208,4.818980183209063,55.996762002385395,1
0.004793256828206344,0.00680132920945182,1000.4773247241974,2637.5410364522163,17223.55761705573,33512.291877526644,8.0.69.0,5.120.0.0,7338.415375107197,358.36734549383726,24064,3276,1531725426,73,86944,2.4007062016930436,5.105215202648876,56.03443732722647,1
0.009763450552287998,0.015375628817407356,2037.9152703285217,1165.3673901845543,17239.86635731904,33283.90638705896,8.0.69.0,5.113.0.0,7333.447487184401,260.83049872997753,24064,1,1530710494,77,86873,2.4027027960355922,5.005898061907356,56.08537344895319,1
0.0015105476820973995,0.0008384451528108674,526.6026012897491,1120958.3062336666,170782.4788243153,7122906.612470678,8.0.69.0,2.32.0.0,7333.567710215766,230.43119747873018,24064,3276,2556613708,32,14166,24.609487505294368,1045.768555755544,99.9661520632899,1
0.001512203483498261,0.001107281619503311,527.1133048534393,1295253.8168047823,3658837.39055794,37368698.23881035,8.0.69.0,2.32.0.0,7337.114460631028,354.3826530324539,65535,0,2557527336,36,543,641.9410681399631,6041.039332863571,99.94147584157166,1
0.008137526397911049,0.012604131925909132,1697.016030073166,1416.7456036914057,17231.53317412756,33479.74504766891,8.0.69.0,5.122.0.0,7335.236023266185,290.56071323683443,24064,3276,1529712126,75,86876,2.4004673327501265,5.065249853455455,56.057024210834214,1
0.0034389434202543086,0.001681613299990339,1625.9290101528168,579149.3811353401,473477.6673948662,14676699.444472026,8.0.69.112,1.102.0.0,7334.497538071066,267.21085754964383,24064,3276,3467750436,12,7274,64.9986252405829,2009.8338714467716,99.94098984771573,1
0.0031910634015517784,0.0023102550045048724,1514.721211194992,610645.7301606565,447962.58510911424,13987699.147697281,8.0.69.112,1.102.0.0,7351.585473911734,564.7831679652711,24064,1,3489628538,19,7662,61.95210127903942,1927.7073099690238,99.79059444632877,1
0.008946028508265294,0.0150243033276084,1867.0182576179504,1287.7431649048083,17281.49835862147,33142.109706517615,8.0.69.0,5.122.0.0,7340.324687708135,398.7170146793009,24064,3276,1531918422,74,87125,2.395397417503587,4.738946912619364,56.04435095520343,1
0.0013060741466510793,0.0018650555941226643,689.4386658668518,471840.9571516907,49557.34676532017,1303321.498205844,8.0.69.0,2.32.0.0,14249.032757941319,7364.523679142845,65535,0,7521665420,36,151403,3.4865359338982715,179.115183683942,39.07348751212415,1
0.0015177855160038263,0.0008535550589715862,529.0742285251617,1100495.6556342824,171367.14300073712,7105665.375266147,8.0.69.0,2.32.0.0,7336.285873706194,296.1387599044263,24064,3276,2557311875,33,14091,24.738059754453197,1043.4154417729276,99.94836251807313,1
0.00555363731828469,0.00701149640417279,1159.9271366596222,2060.112160908273,17202.68725868726,32131.602605478354,8.0.69.0,5.122.0.0,7338.363611988892,362.96689275905146,24064,3276,1532690624,74,87101,2.397905879381408,4.872243415967368,55.906827539978934,1
0.0015784042116392585,0.0018508933082606804,550.2238161563873,1206053.8648355934,3997360.86875,38749282.71596155,8.0.69.0,2.32.0.0,7338.899344800285,358.34985986799063,24064,3276,2558310956,31,480,726.2416666666667,6375.44929690689,99.92684941881146,1
0.010861567575179011,0.015897771740075846,2266.1357357501984,1106.22676323054,17235.6519066437,33372.58707737789,8.0.69.0,5.124.0.0,7337.496048198083,406.47711048050365,65535,3276,1530887838,75,86805,2.403536662634641,5.017129249107227,56.08107784258935,1
0.0070584199267513725,0.011510463313416649,1470.9958879947662,1365.3471205401127,17199.774731890662,32648.3215000704,8.0.69.0,5.122.0.0,7333.9455192798605,249.57971062248916,24064,3276,1528423582,74,86807,2.400774131118458,5.0269070703293615,56.12608203297441,1
0.004693494609829526,0.008451959281040318,978.7203505039215,2231.8326157980996,17228.511172177674,33336.9118358404,8.0.69.0,5.128.0.0,7335.964302156065,324.3287190191952,24064,1,1529753964,75,86875,2.4003223021582736,5.116182919511918,56.18669914831581,1
0.003319952652421909,0.001597174098548343,1574.6900625228882,604632.227420411,724568.1821576763,18284779.45310776,8.0.69.112,1.102.0.0,7363.125196073471,679.7699404944877,65535,3276,3492418638,17,4764,99.5617128463476,2511.5723322143585,99.75353775573885,1
0.0031234612234004215,0.0036601301429947846,1471.2533104419708,573634.4204020655,220181.17720318623,8956577.93665759,8.0.69.112,1.102.0.0,7394.000987189885,960.8017276169609,65535,0,3482825861,20,15727,29.950658103897755,1227.13896354223,99.43103894835616,1
0.0012689111637372542,0.0017217102478134278,442.2815239429474,1518134.0925437652,7915431.120743034,54495001.04463588,8.0.69.0,2.32.0.0,7335.137703591707,344.3446227997972,65535,0,2556684252,34,152,2293.1118421052633,11216.56555205487,99.9477841246525,1
0.001859509535302046,0.001405777445432975,648.2138669490814,994323.421425092,222179.59525671098,8541555.254710145,8.0.69.0,2.32.0.0,7336.620780561971,315.11333104813747,65535,3276,2557509321,35,10828,32.19384927964536,1257.1961725607068,99.9552489278389,1
0.004871047775296204,0.006822368084939001,1016.1297922134399,2409.357563138693,17216.595217205464,33249.95463916465,8.0.69.0,5.122.0.0,7337.192654129535,403.1426945603295,65535,1,1530589748,74,87036,2.3967898340916403,5.041570676875067,56.13282392249541,1
0.001611484037559015,0.0019044685298450028,561.8197374343872,1169131.7627955533,3608710.953455571,36740606.645128906,8.0.69.0,2.32.0.0,7338.81775261304,354.5612773893143,24064,0,2558576066,34,549,635.0382513661202,5949.049271550119,99.92628414736286,1
0.0014509603460806152,0.0008002578412791457,505.71626806259155,1203867.0267270266,201804.59284699196,7982477.087505212,8.0.69.0,2.32.0.0,7333.611559648821,247.41216979305875,65535,0,2556056973,36,11995,29.05710712796999,1170.0373666069352,99.96671831066736,1
0.00331793192164722,0.001650364460059536,1568.80779671669,590574.1556990206,352978.0085496183,12467964.784715546,8.0.69.112,1.102.0.0,7334.609908888645,276.5540020256286,24064,1,3468008934,12,9792,48.287173202614376,1704.542438928988,99.94268528936526,1
0.001640178657823112,0.002086437428513643,773.9018979072571,1112889.982992667,284795.34010194015,10429180.769646546,8.0.69.112,1.102.0.0,7341.987061319385,465.0330670464475,53606,3276,3464250517,17,12077,39.06938809306947,1429.9153716843114,99.8613939865336,1
0.0055311961980995935,0.007397699383168751,1154.8916413784027,1827.9117489155965,17237.489528972466,32711.4739674242,8.0.69.0,5.118.0.0,7340.237977557149,422.49689400686464,65535,0,1532619669,77,86928,2.4019533406957483,5.00237191614557,55.96392668477037,1
0.003111408144418016,0.002201620244015892,1478.3046832084656,657124.5096049068,1076157.9604816302,22765789.816552583,8.0.69.112,1.102.0.0,7336.333878453039,330.5350307916351,65535,0,3485675634,16,3152,150.7376269035533,3158.6943024090706,99.93917390160483,1
0.0031734737805836867,0.0022716617172836625,1507.9522302150726,655783.5720425699,1068140.0536316272,23060080.115411308,8.0.69.112,1.102.0.0,7334.857673488715,302.2933656553799,65535,0,3485340995,14,3216,147.75342039800995,3172.2784068989918,99.94486241910874,1
0.0045912527801079935,0.0033293818540021,2175.0049970149994,401588.7141403089,427678.9093811395,12915196.272595098,8.0.69.112,1.102.0.0,7352.340764445496,610.1888268369039,65535,0,3483017038,19,8047,58.870262209519076,1776.0371306559418,99.78320938764568,1
0.001586199145406986,0.0018734171372535905,552.7888159751892,1201598.007782076,3913599.0872894335,38385513.76265703,8.0.69.0,2.32.0.0,7333.085233859398,256.1180544701536,65535,0,2555580204,34,494,705.4655870445345,6283.934325654559,99.97532281205164,1
0.003039109433750675,0.0019217387180604983,1442.3795719146729,644321.410324978,464312.443068318,14289889.870127391,8.0.69.112,1.102.0.0,7346.124551471006,550.3067410502165,65535,0,3486522135,20,7377,64.33604446251864,1969.476748839473,99.85946267122061,1
0.001515497487545841,0.0008274278965700729,528.279691696167,1177007.652903708,222819.77983090736,8477309.025572738,8.0.69.0,2.32.0.0,7333.660370754993,272.9874685280207,65535,0,2556411334,37,10863,32.089293933535856,1242.6459050678998,99.96012461774139,1
0.00159517664943606,0.001726741133684055,555.9876549243927,1106340.4098129615,232910.58217930028,8655616.139789535,8.0.69.0,2.32.0.0,7334.587742150202,262.14531546440844,24064,3276,2556426550,35,10385,33.56225324987963,1269.944173555797,99.95639001101726,1
0.0015783677302554147,0.001788141093634015,550.7019712924957,1211568.6610564562,3596884.343137255,36772743.90152493,8.0.69.0,2.32.0.0,7360.630256773295,654.7823559985824,65535,0,2568175421,33,543,642.5543278084715,6005.773621761934,99.76555357158212,1
0.004850143687947133,0.021009356310135847,1011.1046044826508,2406.8330706941774,17226.350742407198,33269.21024735627,8.0.69.0,5.119.0.0,7346.009406629251,506.0605802726617,65535,3276,1531422581,74,87040,2.3951056985294117,5.098258239362231,56.2128843478678,1
0.005956138418142321,0.008971168473191848,1241.5868339538574,2231.611937424082,17228.525789224634,33972.566541763306,8.0.69.0,5.123.0.0,7335.694304793337,369.79949225948707,65535,3276,1529169492,75,86713,2.4039763357282067,5.225054751451704,56.06267029972752,1
0.0012071710342269361,0.000550837790836129,572.2437355518341,1655438.8998011001,850012.0026862026,19730108.285866123,8.0.69.112,1.102.0.0,7342.869455613263,451.2178902359839,65535,0,3480799151,20,4003,118.42068448663503,2725.743659814247,99.85823921289011,1
0.0013478115043694945,0.000725479726772532,469.9832193851471,1039025.6074224265,92756.27691749773,4480289.913909258,8.0.69.0,2.32.0.0,7335.072170506622,283.5281946958786,24064,3276,2557754336,33,24621,14.16278786401852,677.7522019575335,99.94981388119368,1
0.004524244073543422,0.006593154185365472,1367.5206348896027,183357.11623118736,35284.345097487814,1336722.9302283314,8.0.69.112,1.102.0.0,7471.830642546631,1558.1555930866732,65535,0,2258480361,75,63210,4.781933238411644,183.68788633167551,81.99532861783992,1
0.005609986053664977,0.00749121809681434,1168.3917953968048,2032.640086447576,17244.6453555919,33945.66904688436,8.0.69.0,5.123.0.0,7340.551656255551,395.03712056280875,24064,3276,1528824034,76,86610,2.404699226417273,5.182196980041135,56.24354806958242,1
0.0012683921290077185,0.001723148072981939,442.0448040962219,1508964.688237359,4346788.557823129,40480722.46721707,8.0.69.0,2.32.0.0,7333.846965214671,245.6963329214526,24064,3276,2555911672,34,425,820.0211764705882,6779.381723468057,99.9649937304345,1
0.0015918618683818148,0.0018759985650339285,555.1936638355255,1178107.6273121312,5358461.150627615,44656576.62502177,8.0.69.0,2.32.0.0,7343.9145743195395,458.6284830350052,24064,1,2561344430,32,308,1132.3733766233765,7904.432086531574,99.86524108942544,1
0.0018808212541952865,0.0014550305406598372,655.5677714347839,910559.1153353137,172852.23287578605,7180532.253320956,8.0.69.0,2.32.0.0,7334.026687323378,256.97614347651165,24191,0,2556311672,35,13840,25.184609826589597,1059.395191908508,99.9658590466354,1
0.0049595534802911664,0.0068748107456483324,1034.6868448257446,2422.8200179950964,17245.155001745516,33914.510160236474,8.0.69.0,5.124.0.0,7340.180605485414,405.94464470710983,65535,3276,1531352519,73,86860,2.401865070227953,5.217547415646789,56.04335030149645,1
0.004909892758256797,0.008980333230837023,1024.1152513027191,2204.4784482295167,17185.873448434675,32525.541256513538,8.0.69.0,5.128.0.0,7334.912298701236,284.0661775873976,24064,0,1529938012,76,86993,2.3976986654098607,4.990812451694823,56.00456413034619,1
0.006037570766749581,0.00693383556081962,1259.5036752223969,2025.2739632137916,17264.935881252393,33856.22041555225,8.0.69.0,5.123.0.0,7343.051698847621,492.3001011198099,65535,0,1531848701,78,86897,2.4006812663268007,5.182396568480551,56.054512422524006,1
0.008921688279602902,0.014245514705154401,1862.3399765491486,1149.285322203099,17268.139592591757,31920.621664875725,8.0.69.0,5.123.0.0,7334.144789790365,266.8965784007632,24064,1,1530958720,76,86685,2.4080752148583953,4.9549958794206725,56.03658069213966,1
0.005181068501004286,0.010633234604084793,1079.263198375702,2078.251165587504,17251.195269942593,32857.789668953475,8.0.69.0,5.122.0.0,7342.95872017666,456.19559151108757,65535,0,1529611731,74,86786,2.400271933261125,5.052670469590289,56.22533723777063,1
0.0014573835722087528,0.000800600384315441,508.0570297241211,1168123.6854891283,163658.80161269679,6961459.114770418,8.0.69.0,2.32.0.0,7335.797693697828,289.4934190482707,24064,3276,2557332434,34,14696,23.721420794774087,1024.75935009415,99.96328275149881,1
0.0012627682641051313,0.001753636455996908,440.16944766044617,1408150.4368248268,225278.63364766017,8507397.836140884,8.0.69.0,2.32.0.0,7333.369641053888,267.35509255403724,65535,0,2556236656,37,10708,32.55285767650355,1249.2983509679668,99.96557422197742,1
0.0013471344059769613,0.0007446025733455475,469.7363374233246,1056424.5523820089,67912.93507528081,3414836.970837467,8.0.69.0,2.32.0.0,7334.60633678813,266.4058702871298,24064,3276,2557533222,28,32489,10.732678752808644,526.9528641552565,99.9572691242178,1
0.003013098548315523,0.002103831678113966,1429.691156387329,681242.529653121,706496.1833299533,18474741.305852827,8.0.69.112,1.102.0.0,7342.010693519188,424.1113856641615,24191,0,3483732680,12,4860,97.63230452674897,2542.5252326027053,99.89314910862753,1
0.005408627963749421,0.012010101390306815,1127.5637147426605,2028.2312831625165,17228.53028151554,33058.128253358904,8.0.69.0,5.119.0.0,7333.009104165468,227.6189810388735,24064,1,1528756406,77,86805,2.4016588906169,5.1255306635423485,56.17673017517604,1
0.0016073801292969165,0.0018993157081240212,560.2394850254059,1160052.330068324,4516688.777385159,40968941.43736416,8.0.69.0,2.32.0.0,7334.664153346933,271.96523157949736,24064,3276,2556445848,31,404,862.730198019802,6903.657143817698,99.95065171298808,1
0.004142067358924231,0.0024553852299795936,1926.8607409000397,454211.34045794705,440561.2200413223,13248114.843322657,8.0.69.112,1.102.0.0,7333.942587393646,257.45348172923366,24064,1,3411706088,17,7656,60.76201671891327,1821.040778591436,99.9355107761493,1
0.0015806920895311636,0.0015024365230215024,551.607795715332,1180597.0203076648,2717289.9862724394,31733005.11978495,8.0.69.0,2.32.0.0,7373.97409210613,793.7855871068333,65535,0,2573273617,36,775,450.28,5002.534264877895,99.6357821799769,1
0.0012668827995647232,0.0016894237014219373,441.5719997882843,1468416.9293136497,4247533.210963455,39713618.60328746,8.0.69.0,2.32.0.0,7336.128695657164,312.07403751116675,65535,0,2557014993,33,439,793.9658314350797,6622.131913234683,99.95237425799954,1
0.004368729344859947,0.00608855981554864,910.1373844146729,2416.11875048317,17231.960319249672,33204.141125430266,8.0.69.0,5.126.0.0,7337.423311941094,341.2366967933252,24064,3276,1528612736,74,86791,2.4003756149831204,5.107522608722794,56.167349074309634,1
0.0031523695004877623,0.0022465738872306045,1499.3898768424988,653818.5132104751,1158473.6601393959,23768041.087059557,8.0.69.112,1.102.0.0,7338.493688503911,372.3298960813696,65535,0,3490481138,13,2940,161.78231292517006,3291.8149701206316,99.92578420654277,1
0.0018628453060219386,0.0014305637010928731,649.2500231266022,882095.0475165788,164269.57979304582,6920074.005395383,8.0.69.0,2.32.0.0,7333.349760563744,283.9694891906166,65535,3276,2555870392,34,14517,24.00819728594062,1023.3363916108042,99.97389011468265,1
0.001594052466078712,0.0018778912103103959,555.5591654777527,1195065.1726338714,3312564.6398963733,35317652.45468212,8.0.69.0,2.32.0.0,7337.577655291933,336.39623312866445,65535,1,2557299902,34,612,569.4787581699346,5648.857906247387,99.93113757851033,1
0.005692884039337909,0.008199850272976933,1187.3306667804718,1852.0535698473439,17281.06792346334,33447.00858888824,8.0.69.0,5.128.0.0,7339.886375949944,387.28548941584665,24064,3276,1530843402,74,86659,2.406732133996469,5.1290604194355,56.06645410303742,1
0.005366182979151237,0.006692698236831355,1119.8740921020508,2055.2489036332313,17305.430870519387,32560.814320841186,8.0.69.0,5.122.0.0,7368.150480133402,765.8373399395414,65535,3276,1537674060,74,86835,2.4033166349974087,4.962004589573327,56.11762789182144,1
0.00308707000291709,0.0015846034323329817,1451.3180463314056,573059.173419859,326475.9357095585,10809413.154651577,8.0.69.112,1.102.0.0,7345.081822223262,528.2877550659196,65535,0,3453135972,23,10484,44.84252193819153,1482.8026455708514,99.70944145117616,1
0.0015881617524404826,0.0019310973839853464,553.4537246227264,1207345.9808324531,4216727.136963696,39900502.2281317,8.0.69.0,2.32.0.0,7332.638842657423,221.3828204596111,65535,3276,2555336645,34,448,777.875,6608.213968946148,99.9770436858658,1
0.0047309851422733485,0.00919621623461001,985.3033516407013,2916.218639889285,17291.08295608873,35094.63404965265,8.0.69.0,5.123.0.0,7335.9682042762415,308.5171281785274,24064,3276,1527840090,76,86555,2.4061810409566173,5.268447121480839,56.159161076886875,1
0.0016021342240752363,0.001986716272552795,562.1472437381744,1105262.2367555108,1213826.659248957,20854824.87572142,8.0.69.0,2.32.0.0,7461.985333808337,1355.8834862414544,65535,0,2618224104,29,2032,172.67470472440945,3061.550550556386,98.91870324189527,1
0.001586558658610014,0.002028900830783049,553.371034860611,1182703.2294251828,2318544.229035167,29354511.82330433,8.0.69.0,2.32.0.0,7372.001186967442,743.8090984098769,24064,3276,2571265550,29,945,369.08783068783066,4533.472118523354,99.67200706446323,1
0.0015889966011662946,0.002016676419125747,553.8844902515411,1217563.1054296768,5305068.269709543,44807042.06280693,8.0.69.0,2.32.0.0,7335.68262301478,295.0281573506056,24064,3276,2557042906,30,318,1096.1509433962265,7839.600197328026,99.93889424400992,1
0.004583481598026725,0.005829461877289447,954.959223985672,2640.4478187833415,17271.531995704518,33768.469479863714,8.0.69.0,5.124.0.0,7333.493695674086,239.9420315876891,24064,3276,1527926078,75,86534,2.4077125754038873,5.208851958665021,56.09482166941046,1
0.0014290101330904953,0.0007755649484272235,498.0757658481598,1229957.61288807,197435.52514484356,7874591.131605358,8.0.69.0,2.32.0.0,7332.735249478549,266.0130385329271,65535,0,2555802873,37,12185,28.604595814526057,1157.8705312633383,99.97618685571817,1
0.004912708471351249,0.008764121401429627,1024.2849781513214,2418.799506824344,17227.389275052104,34361.075823220934,8.0.69.0,5.122.0.0,7334.311163656246,282.6025581461181,65535,3276,1529189209,75,86791,2.4022997776267125,5.25251486965533,56.165047146735226,1
0.0016270123833476277,0.0018652557675909866,773.8705430030823,1266786.6335830998,1158473.6601393959,23768041.087059557,8.0.69.112,1.102.0.0,7338.493688503911,372.3298960813696,65535,0,3490481138,13,2940,161.78231292517006,3291.8149701206316,99.92578420654277,1
0.0015764640078660983,0.0015706396058616306,549.612105846405,1224760.5408242538,4720496.590405904,42253386.62514564,8.0.69.0,2.32.0.0,7338.6047722989815,353.0818588343362,24064,3276,2558509152,29,379,919.88654353562,7189.26834382898,99.91911357658539,1
0.00190404096315858,0.0033015170319983175,396.93351554870605,6130.900779784085,17226.350742407198,33269.21024735627,8.0.69.0,5.119.0.0,7346.009406629251,506.0605802726617,65535,3276,1531422581,74,87040,2.3951056985294117,5.098258239362231,56.2128843478678,1
0.0020046823836567793,0.0020530701213799293,916.4104814529419,891027.9361988398,134757.9664599985,6660763.742176284,8.0.69.112,1.102.0.0,7892.63981397221,2953.4614258609986,65535,0,3608009794,39,26605,17.182334147716595,912.0197134359603,93.20574183612754,1
0.0030696200040972853,0.0015861356117404248,1448.7808318138123,607161.5255281387,382789.00651573716,12335632.755039468,8.0.69.112,1.102.0.0,7343.936551724138,519.1634268848047,65535,0,3466154454,20,8964,52.65227576974565,1692.7639233695413,99.78494623655914,1
0.0014352847721781487,0.000779376306799622,500.3086953163147,1168618.7457332693,202093.6482960386,7876687.2430765815,8.0.69.0,2.32.0.0,7332.2786800122785,189.89422378429754,24064,3276,2555878370,33,11974,29.11132453649574,1155.2315799111527,99.97532840475186,1
0.00143067892090926,0.0007622709793477401,498.80191373825073,1231311.8355882952,179918.2497186269,7441306.06805519,8.0.69.0,2.32.0.0,7336.103571510521,301.6171117285481,24191,0,2557717838,35,13342,26.131614450607106,1096.5221524558178,99.94206190771207,1
0.001269713527088618,0.001695278519510759,442.6005504131317,1489829.7559379537,3479342.893877551,36126262.188638635,8.0.69.0,2.32.0.0,7336.300653501021,319.4554286603838,65535,0,2557317027,34,576,605.1805555555555,5814.045036474149,99.94549376907717,1
0.0018578718218469866,0.0013791513627124635,647.9179348945618,997911.3174343877,206294.65573109785,8187329.979519936,8.0.69.0,2.32.0.0,7338.617546445376,364.8062470236936,65535,0,2559291499,35,11731,29.728326655869065,1201.8364780141774,99.92458629994006,1
0.004524053906394219,0.0030984264776395738,2138.0633521080017,424530.8723453345,419574.5380520266,13325713.592936179,8.0.69.112,1.102.0.0,7337.671512907321,341.128992830625,24064,3276,3467783557,15,8191,57.69747283603956,1827.2107729895395,99.91409225560727,1
0.0015799529505363473,0.0017373408331006813,550.9232740402222,1199519.9896959749,6153085.644230769,47936493.73280659,8.0.69.0,2.32.0.0,7340.710209723628,428.9550557981079,65535,0,2559683628,35,244,1429.0860655737704,8886.600009812304,99.88241940710702,1
0.0015727940993838748,0.0015530737416929463,548.1391899585724,1207966.1008183763,3615143.3818953326,36851581.32137023,8.0.69.0,2.32.0.0,7333.726538962566,255.8069846690574,65535,3276,2555906371,32,544,640.6507352941177,5987.298040871196,99.96269877250268,1
0.00602438007675067,0.008510977830762632,1255.4145398139954,1903.4190892468434,17232.474680191604,32428.11666737478,8.0.69.0,5.122.0.0,7336.970660780268,333.45880069036696,24064,3276,1528951316,73,86708,2.403353785117867,4.971407735623904,56.177090181437784,1
0.0014976069489628001,0.0008273213938918631,522.0642848014832,1096121.2759796402,165681.91979267896,6952982.724760498,8.0.69.0,2.32.0.0,7335.916328169822,290.65533514479927,24064,3276,2557300432,35,14504,24.034749034749034,1024.4403686121245,99.95754446356855,1
0.0015951343564869268,0.001982833430094581,555.9091086387634,1229584.3859686977,3719842.7176128095,37712205.62626274,8.0.69.0,2.32.0.0,7332.862598420678,239.2848387632379,65535,0,2555531947,34,523,666.3556405353728,6154.483259455616,99.96499322819824,1
0.0017325407634282387,0.000888805103414151,818.9425656795502,1098145.019796053,354739.38240702904,12117503.156316468,8.0.69.112,1.102.0.0,7345.6877639183895,530.6809177134195,65535,0,3472189075,22,9665,48.906777030522505,1664.8938890421523,99.78463413189361,1
0.004674408217742561,0.007328229658022277,973.0668842792511,2259.8652112478326,17203.012503520134,32348.48130121735,8.0.69.0,5.122.0.0,7336.299346687803,337.9017889859558,65535,0,1527197435,76,86769,2.399128721087024,4.960788952566357,56.247297881539126,1
0.0015825199546217945,0.0018294541371605666,551.5002915859222,1199195.340582993,4237864.8474295195,39893317.749316625,8.0.69.0,2.32.0.0,7332.745578141499,221.26041682956526,65535,3276,2555432503,32,445,783.1370786516854,6611.883462923168,99.97503558147008,1
0.0009695222068953771,0.000861846477391266,244.0985450744629,87512.19714760524,49846.79891453663,66000.97864307901,8.0.69.48,0.40.0.0,41075.35567356309,359.60992186065334,65535,17188,10341665524,21,202214,1.2450819428921835,1.9418349611056056,64.72973670727202,0
0.000996112379641626,0.00021920786560398353,38.52564239501953,215393.16372496774,41651.9996065677,42921.75922866642,8.6.0.1,8.0.6.4,41058.61718850997,771.9772572071255,65535,24191,1588024137,10,37887,1.0208514793992662,1.0625329921799676,91.22217338469892,0
0.0009721247125936376,0.0009102430196173026,142.24128794670105,120431.6991731605,45908.47605734931,67620.41968866493,8.0.69.48,0.40.0.0,41075.443442841424,399.7431335718958,65535,17188,6010199960,20,129192,1.1325856090160382,2.2151763293045486,70.08905078560153,0
0.0009872656616978647,0.00022058339871527108,39.009828090667725,204295.18380539952,41639.71195749814,41910.03933682398,8.6.0.1,8.0.6.4,41059.07012704358,763.7635487051388,65535,24191,1622408097,12,38697,1.0211127477582242,1.0434366935636232,91.13478767019284,0
0.0009659613143567737,0.00020093575032445696,50.58353018760681,188412.3145350387,41566.76600104386,42243.02669070734,8.6.0.1,8.0.6.4,41061.93541734298,691.9344487256797,65535,24085,2150290372,11,51417,1.0184763794075888,1.0444210093419712,72.98298546794737,0
0.0009681218445063784,0.0007145055504703052,251.955646276474,57065.59949135986,51881.79101696149,52608.501123124064,8.0.69.48,0.40.0.0,41077.34569053959,303.3787181994907,65535,17188,10690502448,23,201099,1.2941536258260857,1.5323788389398947,75.07194921864493,0
0.0009793126807771965,0.001033178885269152,42.192707538604736,223934.43206637236,41759.625554716265,47096.18797217471,8.6.0.1,8.0.6.4,41060.80485087618,731.4504167279636,65535,24191,1769104777,12,42145,1.0223039506465772,1.1658224024945132,86.08332366252756,0
0.0010021194351837507,0.0009582598547704476,406.2572147846222,23054.95055630095,54423.88508624578,30124.8789156836,8.6.0.1,8.0.6.4,41077.918056038616,240.01690432335562,65535,24085,16652946902,11,274556,1.4765621585396058,0.9245139772304548,10.36485043130348,0
0.0009980587146703622,0.0006373968460062268,97.49736166000366,84268.9469757257,42755.25641244232,28234.88120969841,8.6.0.1,8.0.6.4,41071.53403693391,485.85972821995654,65535,24191,4012196017,11,93470,1.0451267786455547,0.6953024857388189,35.67991974449267,0
0.0009796212022727497,0.0008398557901300016,189.4655978679657,44231.354368828775,50737.65447671114,30251.42255898545,8.6.0.1,8.0.6.4,41075.60041466744,349.56987549632856,65535,17188,7944349725,12,151351,1.2778772522150499,0.7804249786350161,20.810928193249502,0
0.0009313316514895265,0.0007200387409057581,148.97301697731018,61769.03835814461,43893.99689312345,29559.38667149265,8.6.0.1,8.0.6.4,41070.323003538426,545.5570076491616,65535,17188,6569526727,17,144415,1.1076273240314372,0.7800712945709796,13.988046862301355,0
0.0010353888086185594,0.0013902786298039375,1657.5787930488586,5898.386273401009,107479.86183796576,99742.18646593767,8.6.0.1,8.0.6.4,41079.4386376626,124.41076229141076,65535,17188,65765100301,13,517114,3.0958840797193656,3.085969100416913,2.9186876337117607,0
0.0009495883933444717,0.0008732467981778707,219.4004991054535,41192.24904614339,45307.05382727134,24525.978076385625,8.6.0.1,8.0.6.4,41060.27126280573,719.0442556813979,65535,17188,9486934615,15,196507,1.1757799976591166,0.6920664731080283,6.794662604036374,0
0.0009585664424256842,0.0007711697305611344,54.95844841003418,164444.23489855905,41726.385896822445,39108.03866570814,8.6.0.1,8.0.6.4,41065.57559954652,634.125468440329,65535,24191,2354494777,14,55672,1.0298713895674665,0.9823609929167175,62.78538414580972,0
0.0009535846778849356,0.0006844534017468603,56.70205211639404,147795.70910057117,41834.35296637029,36671.07555007808,8.6.0.1,8.0.6.4,41066.09180498798,622.6811478439597,65535,24191,2441913017,12,57750,1.0296623376623377,0.9306534353453364,63.597531237912655,0
0.0009468441773181084,0.000875869629957125,380.1778209209442,23988.14317444468,65076.47133765501,42376.71746497561,8.6.0.1,8.0.6.4,41077.94027973561,239.67720040113835,65535,24191,16493696737,11,250243,1.6045283983967584,1.044152511051173,9.437839022519313,0
0.0009424465936438297,0.0006026894381334478,115.8766360282898,176193.93088884206,45365.261781139394,79945.37778103199,8.0.69.48,0.40.0.0,41073.504497616996,451.956082961225,65535,17188,5050151672,20,109911,1.1186687410723222,2.3713319421049244,77.23050897083462,0
0.0009221089447658269,0.0006440958677670296,221.70910835266113,43727.92832930823,52549.79444299601,31138.93899740846,8.6.0.1,8.0.6.4,41076.56034819787,309.7198915131658,65535,24191,9876366017,9,182469,1.3176923203393454,0.7952265045583221,13.821442534042038,0
0.0009885424129410748,0.0008344399697648799,44.0494499206543,192113.18223594973,41651.23735488277,40948.95520399562,8.6.0.1,8.0.6.4,41061.44065438388,719.242644940428,65535,24191,1829738857,12,43634,1.021244900765458,1.019601019791896,91.89201319539507,0
0.0010222767194866965,0.0010121894876649038,40.90026926994324,206905.23928210177,41728.91122231254,43565.448722266745,8.6.0.1,8.0.6.4,41059.32959260185,759.0181674188972,65535,24191,1642783777,9,39056,1.0244264645637033,1.0787876067851407,90.63984003999,0
0.0009195817776638962,0.0008649197555653794,350.64112973213196,25540.186933693145,53312.900213752306,29815.55150485877,8.6.0.1,8.0.6.4,41077.831077926916,245.94824410046516,65535,24191,15663223457,12,286957,1.3287914217112669,0.756952666024189,9.953685491442569,0
0.0009890176554536727,0.0010265013542491161,37.30772399902344,229031.39307623438,41763.30197379065,45006.551776145585,8.6.0.1,8.0.6.4,41058.07642552289,781.6702282602016,65535,24191,1548833817,11,36915,1.0218881213598807,1.1110652790874354,90.45144871828857,0
0.0008947147376926604,0.00045342978756676456,136.67036032676697,64323.529834714675,48162.390784039795,30050.207780973236,8.6.0.1,8.0.6.4,41074.585915917094,388.5607977288602,65535,24191,6274307297,11,129635,1.1783391830909862,0.741124188565897,25.24058289799285,0
0.0009865844967248765,0.000935230037584838,135.88228273391724,121230.52151145674,43355.95289519065,71009.50648392156,8.0.69.48,0.40.0.0,41071.85712729886,477.5777016876692,65535,17188,5656867954,19,128294,1.0735576098648416,2.230764655576414,60.25368290363099,0
0.0011804799494056473,0.0020004277774137115,1154.7088916301727,1848396.6647098337,23274.84055328346,2595923.297519471,0.38.66.66,3.0.0.0,17890.316346851774,15985.849568851665,65535,0,17499770741,15,751204,1.3021363038535472,60.30639164400872,80.69323328255824,0
0.0009635228008422807,0.0005723177147889023,593.8239197731018,14250.82371763247,79409.26442755562,58717.70318627094,8.6.0.1,8.0.6.4,41078.65809678958,193.45893250424498,65535,24191,25317023457,13,296063,2.081671806338516,1.5716057045606326,7.046499628431331,0
0.0009822727995461745,0.0002173193518474019,40.51285934448242,229163.78034581826,41798.735734031,47211.9504310925,8.6.0.1,8.0.6.4,41059.948527094195,747.5764552043331,65535,24191,1693517577,11,40301,1.0234237363837126,1.1674294161628718,91.47533034307189,0
0.0010394192689115375,0.0008433145895233394,879.629344701767,2426657.015090497,21863.32237617668,2714070.580948771,0.38.66.66,3.0.0.0,17795.178974583792,15944.359764742483,65535,0,15059543906,17,688142,1.2297912349486007,62.97719415001785,77.9225567223738,0
0.0010247345535870163,0.0005588803622128425,48.79683470726013,186892.45019089602,41593.690483280865,42652.62222118105,8.6.0.1,8.0.6.4,41062.63286434271,695.7728625321547,65535,24191,1955402577,10,46677,1.0202026694089166,1.060562445371477,92.40235195296094,0
0.0009749154468596201,0.0007754746327315022,347.69676971435547,25756.465921029965,59395.8606811271,35380.445049727496,8.6.0.1,8.0.6.4,41077.34614068932,269.5815703544464,65535,17188,14649989037,10,243885,1.462344957664473,0.8751897451973829,10.983782146902794,0
0.0011887759363878355,0.001397578499661507,1301.6787421703339,1639774.3335971995,25128.208894870673,2459353.4751090333,0.38.66.66,3.0.0.0,19250.322732482477,16201.250034655455,65535,0,21078622134,14,838224,1.3063035656340072,57.13218151463265,83.0311194319505,0
0.0008986996720535601,0.0007327026067905128,294.59914469718933,32072.055096126503,48513.779136042656,25187.983814875322,8.6.0.1,8.0.6.4,41077.47710390565,265.2581144841216,65535,24191,13465484537,13,273144,1.2001252086811351,0.6343627871820992,12.059229973734546,0
0.001000583113986156,0.0006515758150866644,332.9430305957794,26404.276984770862,56896.006784966514,34832.14882660089,8.6.0.1,8.0.6.4,41077.463507137494,264.92355080797125,65535,24085,13668525982,10,237690,1.399932685430603,0.8603542945008161,10.378963185574756,0
0.0009861050649003801,0.00021473366558944802,38.80915093421936,234989.93872496177,41754.95560838221,46695.7138332445,8.6.0.1,8.0.6.4,41058.9866351602,765.2842604303286,65535,24191,1615958537,12,38442,1.023802091462463,1.151872287888745,90.86058388596692,0
0.0009223051722345962,0.0005789811837996035,580.8216822147369,14711.296533246397,80307.65427718175,59321.87302718293,8.6.0.1,8.0.6.4,41078.686746031366,191.38274311001922,65535,24191,25869344057,13,295627,2.1302215291566737,1.6316660698905463,7.414517801480268,0
0.0009705338594109035,0.0008628296902640129,53.809308767318726,178644.18295293767,41709.79348562845,42176.4616772911,8.6.0.1,8.0.6.4,41065.08363393695,644.8430077738278,65535,24191,2276812497,14,54342,1.0202789739060028,1.0415854783045826,72.12141981098044,0
0.0009612773827824195,0.0002023895427215856,55.84252572059631,151541.85615352273,41749.51924322243,36806.63471461196,8.6.0.1,8.0.6.4,41062.47363709914,689.4746365062837,65535,17188,2385442281,10,56431,1.0294518970069642,0.9225568319653964,66.85142788287746,0
0.0009187880049977077,0.0009238987731593362,235.62502145767212,36961.100082337754,45992.986472383665,25330.83216931778,8.6.0.1,8.0.6.4,41071.82139027424,486.65097928347893,65535,17188,10532991811,16,216144,1.1864914131319861,0.7285871563082887,5.662246103574534,0
0.000909769432705937,0.0008138284072474664,178.1082911491394,46129.23939133363,47096.39933351684,25557.75252075352,8.6.0.1,8.0.6.4,41075.77562393372,343.2314179985703,65535,24191,8041568897,12,170339,1.1493198856398124,0.6276075935923893,17.015027531745787,0
0.0010561142914676021,0.0012709319462386568,795.2825765609741,2683838.1613109,22557.961684000635,2859339.504457895,0.38.66.66,3.0.0.0,18508.883231433625,15893.960059826406,65535,0,13937707322,13,616378,1.2216983734007378,65.88551429609477,76.9145370424473,0
0.0009341874450650082,0.0009054762486829022,224.5945429801941,82308.32216448906,47854.07190172752,59562.67980227692,8.0.69.48,0.40.0.0,41075.98244723773,347.97987241503415,65535,17188,9875405548,19,201542,1.1928927965386866,1.8864458884722548,45.73492833315309,0
0.0011726237109946408,0.0019538793930269746,1251.4029171466827,1705613.5148435298,24051.660667652784,2469661.6402442446,0.38.66.66,3.0.0.0,18710.470718705226,16067.342995694233,65535,0,19967496273,16,829315,1.2868246685517566,57.14370062275713,83.05857570819624,0
0.0009025216658654239,0.0005156097031895556,404.7737469673157,20297.75908530802,74455.85500264712,50781.30199868823,8.6.0.1,8.0.6.4,41078.193652966715,225.37397621924097,65535,24191,18423282306,12,226157,1.9831046573840296,1.3729022932911996,10.132599616939395,0
0.0009598756364687548,0.0008212157503640186,208.66160535812378,78355.76637081335,45935.66228167203,59102.25765813998,8.0.69.48,0.40.0.0,41073.41516663983,437.6710998725162,65535,17188,8928744356,23,190412,1.1416559880679789,1.692689624594347,67.92050969478115,0
0.0009070999273208193,0.00020294631785923,36.90626764297485,215939.47340044845,41588.123898431666,40402.80222087249,8.6.0.1,8.0.6.4,41059.67353208642,752.6815869773923,65535,24191,1670594937,11,39917,1.0192900268056218,1.0033282125260643,91.40511711357436,0
0.0009583232456057199,0.0005579739308815105,545.9816694259644,15800.530462991675,80140.44702635327,61242.60702293725,8.6.0.1,8.0.6.4,41078.5780312325,199.963702221076,65535,24191,23403575026,11,261780,2.176358010543204,1.6826323832194592,6.528916481051452,0
0.0009360389767768262,0.0008226596448500287,166.60464143753052,48821.20888000492,44035.239949158466,24297.368627281165,8.6.0.1,8.0.6.4,41070.36374515422,538.4425914507026,65535,17188,7310114043,18,156297,1.1387934509299602,0.6946537513726477,9.198831395022191,0
0.0009057981673511429,0.0008272643347914281,262.1968665122986,31648.585699672225,51560.43959270229,31543.670192187812,8.6.0.1,8.0.6.4,41073.82714032045,429.1904259176068,65535,17188,11889476447,13,216382,1.33775452671664,0.9232138923024752,4.364243123544734,0
0.000992246677510908,0.0006086206078663774,109.24338245391846,84233.20290253367,42940.288265960175,29966.8964263624,8.6.0.1,8.0.6.4,41072.48830133154,457.66660974512774,65535,24191,4521998817,12,104787,1.0506837680246595,0.7428603711274687,36.03062725935076,0
0.0010560656619559685,0.0015746979179300338,461.06031489372253,20136.367629341603,65241.987365625624,42544.82621959921,8.6.0.1,8.0.6.4,41078.10569558207,229.8522589416274,65535,24191,17934043697,10,263672,1.65578445947996,1.0823361967207248,8.117109193190771,0
0.001002276774943856,0.0015294882036228892,1433.9764251708984,6015.998484055884,90834.42205664617,87098.6345402146,8.6.0.1,8.0.6.4,41079.28835900805,138.97524483961672,65535,17188,58772959441,10,560823,2.5511079253169004,2.6435222621604786,2.708496421382241,0
0.000978550637739518,0.0012612411015748577,19.674739122390747,463526.3493593823,41989.457725354616,65359.49019927141,8.6.0.1,8.0.6.4,41074.782115681104,752.0775288242239,65535,17188,825890644,14,19586,1.0266006331052793,1.6026301564196612,53.53359526533048,0
0.0008934614049684841,0.0009012242709257297,187.0845639705658,48307.56641911887,46100.59074902854,25833.139600520226,8.6.0.1,8.0.6.4,41076.71527837474,359.5629771722262,65535,17188,8601217719,17,179338,1.1675941518250454,0.6783863529557671,5.705989665415437,0
0.0009245536881246873,0.0006147186636877272,84.13531017303467,166985.29988307826,42012.71483329961,58093.902658997366,8.0.69.0,0.73.0.0,41070.912034900335,503.38607707276265,65535,24191,3737535137,10,87248,1.0430267742527048,1.454331373459098,43.50673611568976,0
0.0009629262277467051,0.0006504423665178743,63.21032929420471,152075.14511210305,41950.571510822716,38926.77377066027,8.6.0.1,8.0.6.4,41067.401584279076,592.6502896890062,65535,24191,2695869577,13,63496,1.0338446516315989,0.975285724922796,62.46629598598522,0
0.0009550908356743814,0.0006768135159700147,64.46194577217102,127455.04191012093,41919.52156619582,34452.25675281875,8.6.0.1,8.0.6.4,41067.392731205735,591.6630606204695,65535,17188,2771802605,9,65287,1.0338045859053104,0.874536288040918,63.87382582155451,0
0.0009234190092391598,0.0006894017843803594,102.53737020492554,97754.7988598454,42807.72976600558,31828.79626587867,8.6.0.1,8.0.6.4,41072.552160443796,455.71760156770307,65535,24191,4560778337,11,106305,1.0445604628192464,0.7814094899625179,34.300534932728155,0
0.0009783464183546638,0.0009888055216133907,46.80604934692383,182554.18090656627,41825.91903342559,40123.948704876995,8.6.0.1,8.0.6.4,41062.71381393307,694.1504504105146,65535,24191,1964563417,13,46765,1.0230514273495135,0.99313532361443,74.03172877954978,0
0.0009753190924689184,0.0007293934987221087,89.1987829208374,90266.70248568017,41903.13624142355,27999.768971195088,8.6.0.1,8.0.6.4,41068.34487245372,560.8012952145953,65535,17188,3755987617,14,88903,1.028727939439614,0.7081489711418817,46.46992575745979,0
0.0009139210977838027,0.0008548313823631497,272.56051683425903,32253.82789153493,53944.51957322014,30102.469243564563,8.6.0.1,8.0.6.4,41077.226923244576,278.09808182501774,65535,24191,12250584617,12,225152,1.3245851691301875,0.7427460674289197,10.976317174826395,0
0.0010450221626158976,0.0012418474203785364,820.0017204284668,2602933.2315116725,20532.41658408811,2824678.2068843194,0.38.66.66,3.0.0.0,16582.933935705867,15362.334931035935,65535,0,13012213686,14,632400,1.2407890575585072,65.18647349296374,77.21833880268902,0
0.0009557069135355854,0.0007200125628838947,91.51371550559998,96063.41466336865,44415.16321275707,32385.254496651258,8.6.0.1,8.0.6.4,41071.363225280926,490.73516959773673,65535,24191,3932829457,12,88157,1.0861984867906123,0.7985062231875135,41.74986423827228,0
0.0011559832943825084,0.0018947670559509439,852.531899690628,10119.03484565275,101614.0196382273,84923.65046139665,8.6.0.1,8.0.6.4,41078.878606799226,176.85154864322712,65535,24191,30295508657,14,269495,2.7365850943431234,2.2504740893485438,4.740771475370714,0
0.000953512668188871,0.0005152069044256435,56.19240856170654,143287.68255516601,41616.78016611353,33938.64049846792,8.6.0.1,8.0.6.4,41065.96672492492,625.4734454499941,65535,24191,2420140617,13,57821,1.0192317670050675,0.8422834756578438,74.64578419561197,0
0.00093470342509628,0.00023024608399151557,47.10718321800232,190107.7370420573,41620.18897938663,40774.875143403005,8.6.0.1,8.0.6.4,41063.590487906506,676.330046247078,65535,24191,2069563897,12,49351,1.0212356385888837,1.0142322212677701,92.45223119506339,0
0.0009744997977503137,0.0006696116891242716,68.32412981987,126262.85944283125,41805.26115805674,33822.8675003433,8.6.0.1,8.0.6.4,41066.500606164336,607.8863155923493,65535,17188,2879295557,11,67817,1.0338558178627777,0.8588746043208436,56.87532982471154,0
0.0009680684417238246,0.0007460307285465273,73.07367825508118,120304.87871860631,42319.365317934855,33829.02941339506,8.6.0.1,8.0.6.4,41068.59358813009,559.5614974770767,65535,24085,3100062787,13,72811,1.036725220090371,0.8402808103629542,56.50526594687686,0
0.0009221157834117628,0.00021068421248238953,44.78070878982544,201819.04762645072,41630.32740443832,41940.35160405759,8.6.0.1,8.0.6.4,41061.98651264311,705.8111264544884,65535,17188,1994134313,11,47586,1.0205522632707098,1.0397462006168448,85.24833209785025,0
0.0009190004727716032,0.0007972125082824815,340.1487259864807,30675.757993033654,51620.50269576554,28775.340682377086,8.6.0.1,8.0.6.4,41077.71967146678,251.19122628146638,65535,24085,15204096382,12,282395,1.3106818463499708,0.7523762134553196,10.377975305973578,0
0.0010429883674792772,0.0008854461851890587,48.062989950180054,182908.3044794442,41674.2857111395,41929.426128211446,8.6.0.1,8.0.6.4,41062.05362064102,707.2733544467557,65535,24191,1892262617,11,45115,1.0214562783996453,1.041201855470325,92.37896838313478,0
0.000974247646182209,0.0002127955737597938,36.64827370643616,244361.8510311237,41782.18949845804,47100.3798789974,8.6.0.1,8.0.6.4,41058.01523206975,782.7595143390595,65535,24191,1544520417,11,36784,1.022672901261418,1.1604983808530205,91.04152267531501,0
0.0009794053211767929,0.0008514054126689322,184.80007243156433,103589.1368878613,46525.41131694901,68160.42573737046,8.0.69.48,0.40.0.0,41074.880982791605,392.78843213859733,65535,17188,7750296068,21,163888,1.1513167529044226,1.9731127619884137,76.85903109382204,0
0.0009273496626579957,0.0008552569544953078,227.64208579063416,38618.16662532835,47606.70254637827,29480.72569906379,8.6.0.1,8.0.6.4,41073.79159350978,437.7678461606378,65535,17188,10082671139,18,200821,1.2223671827149551,0.8143632303066373,8.669651331896674,0
0.0009860680656958427,0.0008001870322210638,52.27146816253662,172897.38202680368,41668.067626284865,40727.774309017936,8.6.0.1,8.0.6.4,41064.39903038992,659.4668072832203,65535,24191,2176864857,11,51786,1.023655041903217,1.0201880508846854,72.12276697289242,0
0.0009836130844013788,0.00022956022700295231,55.830862283706665,144215.57666591427,41840.13815942992,36154.16858962047,8.6.0.1,8.0.6.4,41065.4299883725,637.3164460668017,65535,24191,2330955937,10,55109,1.0299951006187738,0.9181555626582709,66.02832881152884,0
0.0009481947379563835,0.0008256274544724449,233.5005397796631,57353.52908664408,46087.67421622631,49946.13138262626,8.0.69.48,0.40.0.0,41076.5129396286,319.51654415111915,65535,17188,10115461000,23,215120,1.1447517664559315,1.6776587092218085,51.59527164489419,0
0.0009532564542234199,0.0008907278377708428,130.66095566749573,69168.3292367673,49041.76970652543,34625.57288731868,8.6.0.1,8.0.6.4,41073.094842743434,434.8148059754165,65535,17188,5629848037,10,114371,1.198459399672994,0.8537069732295889,31.420671340711614,0
0.0009544630991568243,0.00020832081309348594,53.836491107940674,160240.75534015588,41590.32314073329,37358.01835963965,8.6.0.1,8.0.6.4,41065.3380314151,639.3234030957783,65535,24191,2316331457,10,55195,1.0219403931515536,0.9354802475118318,66.02134524695954,0
0.0010049220341082265,0.000834464613421591,45.8817253112793,186231.880820302,41621.60591865731,40807.24606102639,8.6.0.1,8.0.6.4,41061.88656971396,710.5553694215606,65535,24191,1874803617,13,44760,1.0200625558534406,1.0115285399583227,91.3750054754917,0
0.0009100456012159915,0.000922863415606879,208.47779655456543,43350.41980182559,48019.40089200512,27289.981327461017,8.6.0.1,8.0.6.4,41076.389901609,317.299983929191,65535,24191,9410025857,11,195090,1.1742580347531908,0.6731142563063149,15.554857127890836,0
0.0009571660461945837,0.0007934321827989878,361.1588497161865,24113.932157121053,68679.37228376462,47212.0390366602,8.6.0.1,8.0.6.4,41077.80817710073,247.24317029131,65535,24191,15499560737,11,222863,1.6930670411867381,1.1596210620107807,10.158432320405383,0
0.0009130679659005452,0.000789894689198223,181.64756727218628,47039.66107730168,46826.06344485324,27766.02268558301,8.6.0.1,8.0.6.4,41072.33940877538,486.26690852498035,65535,17188,8171054419,14,169737,1.1720661965275692,0.7234162040108401,6.342017562819501,0
0.000980885562935844,0.0007719565225412636,113.83569312095642,83000.32916706166,43374.38569192691,30470.381438912038,8.6.0.1,8.0.6.4,41072.521563052,453.99595573694324,65535,17188,4766671490,11,109357,1.0612489369679123,0.7539669534929831,34.076946275472835,0
0.0010427346897286956,0.0012921275424699044,804.9525992870331,2651596.7895382917,20387.404174816587,2867917.03461478,0.38.66.66,3.0.0.0,16256.491060463959,15637.870302055095,65535,0,12549425865,16,613958,1.2573563663963985,66.42137530381996,74.52329383235488,0
0.00098884207607294,0.0009424496882427442,467.469158411026,17223.9812084469,54705.09075082469,29291.526778693926,8.6.0.1,8.0.6.4,41077.91141101439,238.00340022183906,65535,17188,19419377230,10,331491,1.4261171494852047,0.830699533888146,7.814783868681848,0
